r_m,mu_C,sigma_C
0.05,15.658334052588955,1.3869081663257223
0.5800000000000001,15.658335264279149,1.3869153120744786
1.11,15.658335264279149,1.3869153120744786
1.6400000000000001,15.658335264279149,1.3869153120744786
2.17,15.658335264279149,1.3869153120744786
2.7,15.658334052588955,1.3869081663257223
